{"cameraMode":{"drawMode":0,"name":"Shaded","section":"Shading Mode"},"sceneLighting":false,"audioPlay":false,"sceneViewState":{"m_AlwaysRefresh":false,"showFog":true,"showSkybox":false,"showFlares":true,"showImageEffects":true,"showParticleSystems":true,"showVisualEffectGraphs":true,"m_FxEnabled":true},"in2DMode":false,"pivot":{"x":0.9499998092651367,"y":-0.5180001258850098,"z":5.975347518920898},"rotation":{"x":0.02241138555109501,"y":-0.08926262706518173,"z":0.0019906796514987947,"w":0.9957873821258545},"size":7.071774959564209,"orthographic":true}