{"cameraMode":{"drawMode":0,"name":"Shaded","section":"Shading Mode"},"sceneLighting":false,"audioPlay":false,"sceneViewState":{"m_AlwaysRefresh":false,"showFog":true,"showSkybox":false,"showFlares":true,"showImageEffects":true,"showParticleSystems":true,"showVisualEffectGraphs":true,"m_FxEnabled":true},"in2DMode":false,"pivot":{"x":-0.081878662109375,"y":0.249053955078125,"z":0.11799900233745575},"rotation":{"x":0.07343396544456482,"y":0.01855706237256527,"z":-0.0011992409126833082,"w":0.9972595572471619},"size":0.2930804491043091,"orthographic":true}